{"Firpo": 0.82180738226559202, "Haines": 0.3895348837209302, "Deligdish": 0.46330777656078859, "Avino": 0.63142972863507485, "Kalir": 0.43319838056680177, "Patil": 0.55454545454545445}