{"Patil-Firpo": 0.64691046658259765, "Avino-Firpo": 0.95507060333761218, "Kalir-Deligdish": 0.91054313099041528, "Avino-Patil": 0.64262922782386711, "Avino-Kalir": 0.88658457550226832, "Avino-Haines": 0.70321017565112054, "Kalir-Patil": 0.74520185307743214, "Patil-Deligdish": 0.72981666130588607, "Avino-Deligdish": 0.88885360431883143, "Haines-Firpo": 0.74530018192844139, "Kalir-Firpo": 0.88803582853486884, "Haines-Patil": 0.67084639498432597, "Haines-Deligdish": 0.80722154222766218, "Haines-Kalir": 0.7429620563035495, "Deligdish-Firpo": 0.91181102362204725}