{"Firpo": 0.31824692065310817, "Haines": 0.74137931034482751, "Deligdish": 0.61076968100673112, "Avino": 0.48103792415169661, "Kalir": 0.35149863760217975, "Patil": 0.1326530612244898}