{"Firpo": 0.0, "Haines": 0.0, "Deligdish": 0.0, "Avino": -1.101679388550682e-16, "Kalir": 2.7530834112668352e-16, "Patil": -4.9455389278756988e-16}