{"Patil-Firpo": 0.65211267605633805, "Avino-Firpo": 0.91946308724832226, "Kalir-Deligdish": 0.82539682539682535, "Avino-Patil": 0.67688022284122573, "Avino-Kalir": 0.82890855457227142, "Avino-Haines": 0.78294573643410859, "Kalir-Patil": 0.82511923688394273, "Patil-Deligdish": 0.66994106090373273, "Avino-Deligdish": 0.97142857142857131, "Haines-Firpo": 0.81090207428847083, "Kalir-Firpo": 0.8318840579710145, "Haines-Patil": 0.60412667946257204, "Haines-Deligdish": 0.80250783699059558, "Haines-Kalir": 0.71642589620117714, "Deligdish-Firpo": 0.97155688622754477}