{"Patil-Firpo": 0.26624737945492649, "Avino-Firpo": 0.72062084257206205, "Kalir-Deligdish": 0.68656716417910468, "Avino-Patil": 0.4232209737827714, "Avino-Kalir": 0.6132596685082875, "Avino-Haines": 0.82843137254901977, "Kalir-Patil": 0.66587112171837703, "Patil-Deligdish": 0.48062654575432812, "Avino-Deligdish": 0.91879350348027833, "Haines-Firpo": 0.57236842105263175, "Kalir-Firpo": 0.40440440440440445, "Haines-Patil": 0.54963235294117629, "Haines-Deligdish": 0.90885416666666663, "Haines-Kalir": 0.77124183006535985, "Deligdish-Firpo": 0.64888280893752848}