{"Patil-Firpo": 0.73194748358862149, "Avino-Firpo": 0.89841616602949215, "Kalir-Deligdish": 0.88881262868908717, "Avino-Patil": 0.62195121951219523, "Avino-Kalir": 0.85574572127139359, "Avino-Haines": 0.93349168646080738, "Kalir-Patil": 0.74528301886792458, "Patil-Deligdish": 0.64052287581699352, "Avino-Deligdish": 0.92904073587385039, "Haines-Firpo": 0.86257668711656432, "Kalir-Firpo": 0.8866906474820142, "Haines-Patil": 0.58574310692669795, "Haines-Deligdish": 0.93080054274084145, "Haines-Kalir": 0.82501620220349947, "Deligdish-Firpo": 0.8908007941760423}