{"Patil-Firpo": 0.31237721021610987, "Avino-Firpo": 0.32108218478815714, "Kalir-Deligdish": 0.40031152647975088, "Avino-Patil": 0.33014354066985629, "Avino-Kalir": 0.35714285714285698, "Avino-Haines": 0.32658227848101268, "Kalir-Patil": 0.21974522292993637, "Patil-Deligdish": 0.14273995077932736, "Avino-Deligdish": 0.29391891891891891, "Haines-Firpo": 0.41666666666666657, "Kalir-Firpo": 0.40024479804161578, "Haines-Patil": 0.18715846994535459, "Haines-Deligdish": 0.43423952975753127, "Haines-Kalir": 0.31891891891891899, "Deligdish-Firpo": 0.4423791821561337}