{"Patil-Firpo": 0.15754923413566749, "Avino-Firpo": 0.32277444019661378, "Kalir-Deligdish": 0.48112560054907338, "Avino-Patil": 0.2060975609756098, "Avino-Kalir": 0.24266503667481654, "Avino-Haines": 0.50118764845605679, "Kalir-Patil": 0.27830188679245288, "Patil-Deligdish": 0.36092955700798834, "Avino-Deligdish": 0.36136662286465177, "Haines-Firpo": 0.38159509202454001, "Kalir-Firpo": 0.39568345323741005, "Haines-Patil": 0.3974445191661064, "Haines-Deligdish": 0.23880597014925378, "Haines-Kalir": 0.47504860661049897, "Deligdish-Firpo": 0.49040370615486439}