{"Firpo": -0.082784302492122541, "Haines": 0.051724137931034524, "Deligdish": 0.11911033069944395, "Avino": 0.061876247504990059, "Kalir": 0.14168937329700271, "Patil": -0.0034013605442177281}