{"Patil-Firpo": 0.21113689095127644, "Avino-Firpo": 0.37734939759036157, "Kalir-Deligdish": 0.21641791044776099, "Avino-Patil": 0.26591760299625467, "Avino-Kalir": 0.37154696132596682, "Avino-Haines": 0.35661764705882326, "Kalir-Patil": 0.33174224343675418, "Patil-Deligdish": 0.48062654575432812, "Avino-Deligdish": 0.22853828306264468, "Haines-Firpo": 0.33607399794450166, "Kalir-Firpo": 0.21192052980132436, "Haines-Patil": 0.29227941176470551, "Haines-Deligdish": 0.40755208333333309, "Haines-Kalir": 0.31372549019607865, "Deligdish-Firpo": 0.29061102831594632}